distanceMeters,xMeters,yMeters,zMeters,tangentX,tangentY,tangentZ,normalX,normalY,normalZ,binormalX,binormalY,binormalZ
0,0,2,0,0.9428090415820635,-0.23570226039551587,0.23570226039551587,0.2286647801900118,0.9718253158075502,0.05716619504750295,-0.24253562503633297,0,0.9701425001453319
4.5,4,1,1,0.9428090415820635,-0.23570226039551587,0.23570226039551587,0.2286647801900118,0.9718253158075502,0.05716619504750295,-0.24253562503633297,0,0.9701425001453319
9,8,1,3,0.8944271909999159,0,0.4472135954999579,0,1,0,-0.4472135954999579,0,0.8944271909999159
13.5,12,2,4,0.9428090415820635,0.23570226039551587,0.23570226039551587,-0.2286647801900118,0.9718253158075502,-0.05716619504750295,-0.24253562503633297,0,0.9701425001453319
