distanceMeters,xMeters,yMeters,zMeters,tangentX,tangentY,tangentZ,normalX,normalY,normalZ,binormalX,binormalY,binormalZ
0,0,0,0,0.9486832980505138,0.31622776601683794,0,-0.31622776601683794,0.9486832980505138,0,0,0,1
3.2,3,1,0,0.986393923832144,0.16439898730535732,0,-0.16439898730535732,0.986393923832144,0,0,0,1
6.4,6,1.5,0,1,0,0,0,1,0,0,0,1
9.6,9,1,0,0.986393923832144,-0.16439898730535732,0,0.16439898730535732,0.986393923832144,0,0,0,1
12.8,12,0,0,0.9486832980505138,-0.31622776601683794,0,0.31622776601683794,0.9486832980505138,0,0,0,1
