distanceMeters,xMeters,yMeters,zMeters,tangentX,tangentY,tangentZ,normalX,normalY,normalZ,binormalX,binormalY,binormalZ
0,0,0,0,1,0,0,0,1,0,0,0,1
5.235987755982988,5,0,1.339745962155613,0.8660254037844387,0,0.5,-0.08682408883346515,0.984807753012208,0.1503837331804353,-0.49240387650610395,-0.17364817766693033,0.8528685319524433
10.471975511965976,8.660254037844386,0,5,0.5,0,0.8660254037844386,-0.2961981327260238,0.9396926207859084,0.17101007166283438,-0.8137976813493737,-0.3420201433256687,0.4698463103929543
15.707963267948966,10,0,10,0,0,1,-0.25881904510252074,0.9659258262890683,0,-0.9659258262890683,-0.25881904510252074,0
